Metric,Value
Precision,0.5295312430527205
Recall,0.5292408427254098
F1 Score,0.5272809943924708
