Metric,Value
Precision,0.8693889507325723
Recall,0.869891462906741
F1 Score,0.8672889299302673
