Metric,Value
Precision,0.8502577865841975
Recall,0.8388244132232959
F1 Score,0.8418399065983759
