Metric,Value
Precision,0.7904993473982904
Recall,0.810160099458877
F1 Score,0.7993226916132009
