Metric,Value
Precision,0.27754191045117704
Recall,0.4184852748859702
F1 Score,0.3305211664775268
