Metric,Value
Precision,0.6016310658062413
Recall,0.5812024437868671
F1 Score,0.5898630597350382
