Metric,Value
Precision,0.6655943298249927
Recall,0.6003655537704353
F1 Score,0.6128739042600636
