Metric,Value
Precision,0.5289364528377549
Recall,0.5256575903399189
F1 Score,0.5123516965353161
