Metric,Value
Precision,0.8380370892638365
Recall,0.8285744469085949
F1 Score,0.822782275765427
