Metric,Value
Precision,0.5506914581001326
Recall,0.5572061891163903
F1 Score,0.5525367836813923
