Metric,Value
Precision,0.43283333333333335
Recall,0.5
F1 Score,0.4639985706628551
