Metric,Value
Precision,0.9420497082270807
Recall,0.9405931393372982
F1 Score,0.937952617454018
