Metric,Value
Precision,0.538449877289805
Recall,0.537539351416651
F1 Score,0.5350241545893719
